{
  "baseWidth": 5749.9478,
  "baseHeight": 32.228634,
  "defaultHeight": 300,
  "inkBounds": {
    "top": 9999,
    "bottom": -9999,
    "left": 9999,
    "right": -9999
  },
  "measures": [
    0.003,
    0.010701722,
    0.01990532,
    0.028908184,
    0.037797228,
    0.047051325,
    0.05588455,
    0.06496431,
    0.073803894,
    0.08286525,
    0.09171905,
    0.10079881,
    0.1097832,
    0.118595526,
    0.12745471,
    0.13613634,
    0.14504011,
    0.1538319,
    0.16282173,
    0.17155096,
    0.18046291,
    0.18906678,
    0.19812813,
    0.20696135,
    0.2160411,
    0.22488071,
    0.23394206,
    0.24279587,
    0.25187564,
    0.2607694,
    0.27080104,
    0.27986184,
    0.2901871,
    0.29893437,
    0.30896598,
    0.31802678,
    0.32740748,
    0.3366919,
    0.3455053,
    0.3542645,
    0.36338624,
    0.37212065,
    0.3810306,
    0.38989383,
    0.39844316,
    0.4071118,
    0.4158192,
    0.42459172,
    0.43368328,
    0.44241232,
    0.45140344,
    0.46070448,
    0.46981028,
    0.47858277,
    0.48720992,
    0.49587497,
    0.50487214,
    0.51360583,
    0.52234155,
    0.53099674,
    0.53963643,
    0.54818213,
    0.5568046,
    0.5654085,
    0.574506,
    0.58319324,
    0.59228444,
    0.60100824,
    0.60956925,
    0.6184141,
    0.62714815,
    0.6360988,
    0.64612406,
    0.65544933,
    0.66547465,
    0.67479986,
    0.6848251,
    0.6941504,
    0.7041757,
    0.71350086,
    0.7227555,
    0.73169124,
    0.7404434,
    0.7496974,
    0.75853056,
    0.76761043,
    0.77645,
    0.7855113,
    0.79436517,
    0.80344486,
    0.81242925,
    0.82124156,
    0.8301008,
    0.8387824,
    0.8476862,
    0.856478,
    0.8654678,
    0.87419707,
    0.883109,
    0.89171284,
    0.90077424,
    0.90960747,
    0.91868716,
    0.9275268,
    0.93658817,
    0.9454419,
    0.95452166,
    0.9634155,
    0.9728174,
    0.982072,
    0.99084437,
    0.99990636
  ],
  "staves": [
    {
      "name": "staff-1",
      "top": 0.40301564,
      "bottom": 0.5271289
    },
    {
      "name": "staff-2",
      "top": 0.71840286,
      "bottom": 0.8425162
    }
  ]
}