{
  "baseWidth": 1156.32,
  "baseHeight": 50.0769,
  "inkBounds": {
    "top": 9999,
    "bottom": -9999,
    "left": 9999,
    "right": -9999
  },
  "measures": [
    0.0040,
    0.013875312,
    0.033285942,
    0.04951398,
    0.07447013,
    0.09092198,
    0.11246179,
    0.1291032,
    0.14721332,
    0.17223945,
    0.1926114,
    0.21022615,
    0.22934693,
    0.25414827,
    0.27695647,
    0.2987953,
    0.32335117,
    0.34928492,
    0.36859044,
    0.3872953,
    0.407948,
    0.43090257,
    0.44746786,
    0.4655412,
    0.48184648,
    0.50179595,
    0.52510834,
    0.54587626,
    0.56217384,
    0.5814039,
    0.599514,
    0.622899,
    0.64330494,
    0.6664204,
    0.6849444,
    0.7111856,
    0.73085,
    0.75529057,
    0.78055847,
    0.80099875,
    0.82544416,
    0.8547146,
    0.8741288,
    0.89228785,
    0.9104642,
    0.93010634,
    0.9536548,
    0.9793767,
    0.9952994
  ],
  "staves": [
    {
      "name": "staff-1",
      "top": 0.49879885,
      "bottom": 0.578676
    },
    {
      "name": "staff-2",
      "top": 0.66983175,
      "bottom": 0.7497089
    }
  ]
}