{
  "baseWidth": 266.8829,
  "baseHeight": 9.632888,
  "defaultHeight": 400,
  "inkBounds": {
    "top": 9999,
    "bottom": -9999,
    "left": 9999,
    "right": -9999
  },
  "measures": [
    -0.016816447,
    -0.013089838,
    0,
    0.06833032,
    0.110531226,
    0.1533989,
    0.19546959,
    0.24102536,
    0.2853579,
    0.33035743,
    0.37615427,
    0.4212842,
    0.5066487,
    0.54951644,
    0.5998919,
    0.6510647,
    0.70157003,
    0.7527428,
    0.80122757,
    0.95218813,
    0.9965203
  ],
  "staves": [
    {
      "name": "staff-1",
      "top": 0.3776276,
      "bottom": 0.7928717
    }
  ]
}